corridor,pk_cum,X,Y,gml_id,cleabs,date_creation,date_modification,date_d_apparition,date_de_confirmation,sources,identifiants_sources,route,numero,abscisse,ordre,cote,statut,type_de_pr,libelle,identifiant_de_section,code_insee_du_departement,lien_vers_route_nommee,gestionnaire
a406,0.000,4.80361587,46.27733327,,POIN_REP0000002330642392,2023/03/09 12:34:59.704+00,,,,DGITM 2022,,A406,0,0,0,D,PR0 valide,PR0,71PR0DC,NAT-A406-D-1,71,ROUTNOMM0000000251065914,APRR
a406,0.860,4.81436132,46.27522241,,POIN_REP0000002330642385,2023/03/09 12:34:59.704+00,,,,DGITM 2022,,A406,1,895,1,D,PR valide,PR,71PR1DC,NAT-A406-D-1,71,ROUTNOMM0000000251065914,APRR
a406,1.866,4.82621371,46.27139131,,POIN_REP0000002330642377,2023/03/09 12:34:59.704+00,,,,DGITM 2022,,A406,2,850,1,D,PR valide,PR,01PR2DC,NAT-A406-D-2,01,ROUTNOMM0000000251065914,APRR
a406,2.865,4.83918435,46.27174545,,POIN_REP0000002330642389,2023/03/09 12:34:59.704+00,,,,DGITM 2022,,A406,3,1850,2,D,PR valide,PR,01PR3DC,NAT-A406-D-2,01,ROUTNOMM0000000251065914,APRR
a406,3.851,4.85066024,46.27567489,,POIN_REP0000002330642378,2023/03/09 12:34:59.704+00,,,,DGITM 2022,,A406,4,2850,3,D,PR valide,PR,01PR4DC,NAT-A406-D-2,01,ROUTNOMM0000000251065914,APRR
a406,4.849,4.86175336,46.28033184,,POIN_REP0000002330642387,2023/03/09 12:34:59.704+00,,,,DGITM 2022,,A406,5,3850,4,D,PR valide,PR,01PR5DC,NAT-A406-D-2,01,ROUTNOMM0000000251065914,APRR
a406,5.845,4.8717405,46.28602375,,POIN_REP0000002330642383,2023/03/09 12:34:59.704+00,,,,DGITM 2022,,A406,6,4850,5,D,PR valide,PR,01PR6DC,NAT-A406-D-2,01,ROUTNOMM0000000251065914,APRR
a406,6.843,4.88390797,46.28912519,,POIN_REP0000002330642380,2023/03/09 12:34:59.704+00,,,,DGITM 2022,,A406,7,5850,6,D,PR valide,PR,01PR7DC,NAT-A406-D-2,01,ROUTNOMM0000000251065914,APRR
a406,7.837,4.89463114,46.29411752,,POIN_REP0000002330642375,2023/03/09 12:34:59.704+00,,,,DGITM 2022,,A406,8,6850,7,D,PR valide,PR,01PR8DC,NAT-A406-D-2,01,ROUTNOMM0000000251065914,APRR
a406,8.760,4.90631852,46.29599239,,POIN_REP0000002330642390,2023/03/09 12:34:59.704+00,,,,DGITM 2022,,A406,999,7650,999,D,PR valide,PRF,FRD,NAT-A406-D-2,01,ROUTNOMM0000000251065914,APRR
a40,0.000,4.85498429,46.33819215,,POIN_REP0000002330655449,2023/03/09 12:34:59.704+00,2023/12/05 14:25:42.472+00,,,DGITM 2022,,A40,204,101152,101,D,PR valide,PR,01PR204DC,NAT-A40-D-7,01,ROUTNOMM0000000009137389,APRR
a40,1.002,4.86757609,46.33585362,,POIN_REP0000002330655511,2023/03/09 12:34:59.704+00,2023/12/05 14:25:42.472+00,,,DGITM 2022,,A40,203,100152,100,D,PR valide,PR,01PR203DC,NAT-A40-D-7,01,ROUTNOMM0000000009137389,APRR
a40,2.007,4.87835141,46.33074688,,POIN_REP0000002330655534,2023/03/09 12:34:59.704+00,2023/12/05 14:25:42.472+00,,,DGITM 2022,,A40,202,99152,99,D,PR valide,PR,01PR202DC,NAT-A40-D-7,01,ROUTNOMM0000000009137389,APRR
a40,2.994,4.88469106,46.32303376,,POIN_REP0000002330655588,2023/03/09 12:34:59.704+00,2023/12/05 14:25:42.472+00,,,DGITM 2022,,A40,201,98152,98,D,PR valide,PR,01PR201DC,NAT-A40-D-7,01,ROUTNOMM0000000009137389,APRR
a40,3.989,4.8900063,46.31488058,,POIN_REP0000002330655407,2023/03/09 12:34:59.704+00,2023/12/05 14:25:42.472+00,,,DGITM 2022,,A40,200,97152,97,D,PR valide,PR,01PR200DC,NAT-A40-D-7,01,ROUTNOMM0000000009137389,APRR
a40,4.991,4.89535853,46.30667786,,POIN_REP0000002330655442,2023/03/09 12:34:59.704+00,2023/12/05 14:25:42.472+00,,,DGITM 2022,,A40,199,96152,96,D,PR valide,PR,01PR199DC,NAT-A40-D-7,01,ROUTNOMM0000000009137389,APRR
a40,5.974,4.90171952,46.29901648,,POIN_REP0000002330655410,2023/03/09 12:34:59.704+00,2023/12/05 14:25:42.472+00,,,DGITM 2022,,A40,198,95152,95,D,PR valide,PR,01PR198DC,NAT-A40-D-7,01,ROUTNOMM0000000009137389,APRR
a40,6.968,4.91192971,46.2935393,,POIN_REP0000002330655488,2023/03/09 12:34:59.704+00,2023/12/05 14:25:42.472+00,,,DGITM 2022,,A40,197,94152,94,D,PR valide,PR,01PR197DC,NAT-A40-D-7,01,ROUTNOMM0000000009137389,APRR
a40,7.976,4.9235856,46.28940137,,POIN_REP0000002330655390,2023/03/09 12:34:59.704+00,2023/12/05 14:25:42.472+00,,,DGITM 2022,,A40,196,93152,93,D,PR valide,PR,01PR196DC,NAT-A40-D-7,01,ROUTNOMM0000000009137389,APRR
a40,8.970,4.93619673,46.28748795,,POIN_REP0000002330655529,2023/03/09 12:34:59.704+00,2023/12/05 14:25:42.472+00,,,DGITM 2022,,A40,195,92152,92,D,PR valide,PR,01PR195DC,NAT-A40-D-7,01,ROUTNOMM0000000009137389,APRR
a40,9.968,4.94856484,46.28475669,,POIN_REP0000002330655466,2023/03/09 12:34:59.704+00,2023/12/05 14:25:42.472+00,,,DGITM 2022,,A40,194,91152,91,D,PR valide,PR,01PR194DC,NAT-A40-D-7,01,ROUTNOMM0000000009137389,APRR
a40,10.963,4.96094447,46.28219861,,POIN_REP0000002330655456,2023/03/09 12:34:59.704+00,2023/12/05 14:25:42.472+00,,,DGITM 2022,,A40,193,90152,90,D,PR valide,PR,01PR193DC,NAT-A40-D-7,01,ROUTNOMM0000000009137389,APRR
a40,11.958,4.9736406,46.28045066,,POIN_REP0000002330655569,2023/03/09 12:34:59.704+00,2023/12/05 14:25:42.472+00,,,DGITM 2022,,A40,192,89152,89,D,PR valide,PR,01PR192DC,NAT-A40-D-7,01,ROUTNOMM0000000009137389,APRR
a40,12.948,4.98617689,46.27847168,,POIN_REP0000002330655536,2023/03/09 12:34:59.704+00,2023/12/05 14:25:42.472+00,,,DGITM 2022,,A40,191,88152,88,D,PR valide,PR,01PR191DC,NAT-A40-D-7,01,ROUTNOMM0000000009137389,APRR
a40,13.952,4.99863192,46.27578473,,POIN_REP0000002330655590,2023/03/09 12:34:59.704+00,2023/12/05 14:25:42.472+00,,,DGITM 2022,,A40,190,87152,87,D,PR valide,PR,01PR190DC,NAT-A40-D-7,01,ROUTNOMM0000000009137389,APRR
a40,14.944,5.01093443,46.2731153,,POIN_REP0000002330655464,2023/03/09 12:34:59.704+00,2023/12/05 14:25:42.472+00,,,DGITM 2022,,A40,189,86152,86,D,PR valide,PR,01PR189DC,NAT-A40-D-7,01,ROUTNOMM0000000009137389,APRR
a40,15.932,5.02345824,46.2711576,,POIN_REP0000002330655563,2023/03/09 12:34:59.704+00,2023/12/05 14:25:42.472+00,,,DGITM 2022,,A40,188,85152,85,D,PR valide,PR,01PR188DC,NAT-A40-D-7,01,ROUTNOMM0000000009137389,APRR
a40,16.914,5.03617509,46.27039669,,POIN_REP0000002330655557,2023/03/09 12:34:59.704+00,2023/12/05 14:25:42.472+00,,,DGITM 2022,,A40,187,84152,84,D,PR valide,PR,01PR187DC,NAT-A40-D-7,01,ROUTNOMM0000000009137389,APRR
a40,17.939,5.04949838,46.27043775,,POIN_REP0000002330655413,2023/03/09 12:34:59.704+00,2023/12/05 14:25:42.472+00,,,DGITM 2022,,A40,186,83152,83,D,PR valide,PR,01PR186DC,NAT-A40-D-7,01,ROUTNOMM0000000009137389,APRR
a40,18.944,5.06253167,46.27098514,,POIN_REP0000002330655566,2023/03/09 12:34:59.704+00,2023/12/05 14:25:42.472+00,,,DGITM 2022,,A40,185,82152,82,D,PR valide,PR,01PR185DC,NAT-A40-D-7,01,ROUTNOMM0000000009137389,APRR
a40,19.928,5.0753131,46.27121945,,POIN_REP0000002330655426,2023/03/09 12:34:59.704+00,2023/12/05 14:25:42.472+00,,,DGITM 2022,,A40,184,81152,81,D,PR valide,PR,01PR184DC,NAT-A40-D-7,01,ROUTNOMM0000000009137389,APRR
a40,20.946,5.08741091,46.26752211,,POIN_REP0000002330655428,2023/03/09 12:34:59.704+00,2023/12/05 14:25:42.472+00,,,DGITM 2022,,A40,183,80152,80,D,PR valide,PR,01PR183DC,NAT-A40-D-7,01,ROUTNOMM0000000009137389,APRR
a40,21.914,5.09976825,46.26589229,,POIN_REP0000002330655492,2023/03/09 12:34:59.704+00,2023/12/05 14:25:42.472+00,,,DGITM 2022,,A40,182,79152,79,D,PR valide,PR,01PR182DC,NAT-A40-D-7,01,ROUTNOMM0000000009137389,APRR
a40,22.907,5.11259101,46.26691705,,POIN_REP0000002330655404,2023/03/09 12:34:59.704+00,2023/12/05 14:25:42.472+00,,,DGITM 2022,,A40,181,78152,78,D,PR valide,PR,01PR181DC,NAT-A40-D-7,01,ROUTNOMM0000000009137389,APRR
a40,23.904,5.1255121,46.26751696,,POIN_REP0000002330655514,2023/03/09 12:34:59.704+00,2023/12/05 14:25:42.472+00,,,DGITM 2022,,A40,180,77152,77,D,PR valide,PR,01PR180DC,NAT-A40-D-7,01,ROUTNOMM0000000009137389,APRR
a40,24.890,5.13812345,46.26596379,,POIN_REP0000002330655579,2023/03/09 12:34:59.704+00,2023/12/05 14:25:42.472+00,,,DGITM 2022,,A40,179,76152,76,D,PR valide,PR,01PR179DC,NAT-A40-D-7,01,ROUTNOMM0000000009137389,APRR
a40,25.890,5.15058339,46.26341667,,POIN_REP0000002330655403,2023/03/09 12:34:59.704+00,2023/12/05 14:25:42.472+00,,,DGITM 2022,,A40,178,75152,75,D,PR valide,PR,01PR178DC,NAT-A40-D-7,01,ROUTNOMM0000000009137389,APRR
a40,26.882,5.16324948,46.26174345,,POIN_REP0000002330655384,2023/03/09 12:34:59.704+00,2023/12/05 14:25:42.472+00,,,DGITM 2022,,A40,177,74152,74,D,PR valide,PR,01PR177DC,NAT-A40-D-7,01,ROUTNOMM0000000009137389,APRR
a40,27.895,5.17640685,46.26176376,,POIN_REP0000002330655401,2023/03/09 12:34:59.704+00,2023/12/05 14:25:42.472+00,,,DGITM 2022,,A40,176,73152,73,D,PR valide,PR,01PR176DC,NAT-A40-D-7,01,ROUTNOMM0000000009137389,APRR
a40,28.905,5.18928864,46.26353005,,POIN_REP0000002330655548,2023/03/09 12:34:59.704+00,2023/12/05 14:25:42.472+00,,,DGITM 2022,,A40,175,72152,72,D,PR valide,PR,01PR175DC,NAT-A40-D-7,01,ROUTNOMM0000000009137389,APRR
a40,29.901,5.20213817,46.26453702,,POIN_REP0000002330655500,2023/03/09 12:34:59.704+00,2023/12/05 14:25:42.472+00,,,DGITM 2022,,A40,174,71152,71,D,PR valide,PR,01PR174DC,NAT-A40-D-7,01,ROUTNOMM0000000009137389,APRR
a40,30.874,5.21450517,46.26268909,,POIN_REP0000002330655408,2023/03/09 12:34:59.704+00,2023/12/05 14:25:42.472+00,,,DGITM 2022,,A40,173,70152,70,D,PR valide,PR,01PR173DC,NAT-A40-D-7,01,ROUTNOMM0000000009137389,APRR
a40,31.885,5.22622571,46.25860036,,POIN_REP0000002330655459,2023/03/09 12:34:59.704+00,2023/12/05 14:25:42.472+00,,,DGITM 2022,,A40,172,69152,69,D,PR valide,PR,01PR172DC,NAT-A40-D-7,01,ROUTNOMM0000000009137389,APRR
a40,32.877,5.23833927,46.25555845,,POIN_REP0000002330655431,2023/03/09 12:34:59.704+00,2023/12/05 14:25:42.472+00,,,DGITM 2022,,A40,171,68152,68,D,PR valide,PR,01PR171DC,NAT-A40-D-7,01,ROUTNOMM0000000009137389,APRR
a40,33.948,5.25222951,46.25501594,,POIN_REP0000002330655520,2023/03/09 12:34:59.704+00,2023/12/05 14:25:42.472+00,,,DGITM 2022,,A40,170,67152,67,D,PR valide,PR,01PR170DC,NAT-A40-D-7,01,ROUTNOMM0000000009137389,APRR
a40,34.922,5.26190797,46.24937835,,POIN_REP0000002330655550,2023/03/09 12:34:59.704+00,2023/12/05 14:25:42.472+00,,,DGITM 2022,,A40,169,66152,66,D,PR valide,PR,01PR169DC,NAT-A40-D-7,01,ROUTNOMM0000000009137389,APRR
a40,35.934,5.2704196,46.24245155,,POIN_REP0000002330655571,2023/03/09 12:34:59.704+00,2023/12/05 14:25:42.472+00,,,DGITM 2022,,A40,168,65152,65,D,PR valide,PR,01PR168DC,NAT-A40-D-7,01,ROUTNOMM0000000009137389,APRR
a40,36.934,5.27876851,46.23556515,,POIN_REP0000002330655495,2023/03/09 12:34:59.704+00,2023/12/05 14:25:42.472+00,,,DGITM 2022,,A40,167,64152,64,D,PR valide,PR,01PR167DC,NAT-A40-D-7,01,ROUTNOMM0000000009137389,APRR
a40,37.924,5.28630357,46.22835574,,POIN_REP0000002330655415,2023/03/09 12:34:59.704+00,2023/12/05 14:25:42.472+00,,,DGITM 2022,,A40,166,63152,63,D,PR valide,PR,01PR166DC,NAT-A40-D-7,01,ROUTNOMM0000000009137389,APRR
a40,38.933,5.29185342,46.22015071,,POIN_REP0000002330655450,2023/03/09 12:34:59.704+00,2023/12/05 14:25:42.472+00,,,DGITM 2022,,A40,165,62152,62,D,PR valide,PR,01PR165DC,NAT-A40-D-7,01,ROUTNOMM0000000009137389,APRR
a40,39.937,5.29488633,46.21137731,,POIN_REP0000002330655552,2023/03/09 12:34:59.704+00,2023/12/05 14:25:42.472+00,,,DGITM 2022,,A40,164,61152,61,D,PR valide,PR,01PR164DC,NAT-A40-D-7,01,ROUTNOMM0000000009137389,APRR
a40,40.939,5.29548693,46.20238808,,POIN_REP0000002330655564,2023/03/09 12:34:59.704+00,2023/12/05 14:25:42.472+00,,,DGITM 2022,,A40,163,60152,60,D,PR valide,PR,01PR163DC,NAT-A40-D-7,01,ROUTNOMM0000000009137389,APRR
a40,41.928,5.29563105,46.19349994,,POIN_REP0000002330655472,2023/03/09 12:34:59.704+00,2023/12/05 14:25:42.472+00,,,DGITM 2022,,A40,162,59152,59,D,PR valide,PR,01PR162DC,NAT-A40-D-7,01,ROUTNOMM0000000009137389,APRR
a40,42.930,5.29952849,46.18491699,,POIN_REP0000002330655506,2023/03/09 12:34:59.704+00,2023/12/05 14:25:42.472+00,,,DGITM 2022,,A40,161,58152,58,D,PR valide,PR,01PR161DC,NAT-A40-D-7,01,ROUTNOMM0000000009137389,APRR
a40,43.928,5.30367467,46.17641892,,POIN_REP0000002330655398,2023/03/09 12:34:59.704+00,2023/12/05 14:25:42.472+00,,,DGITM 2022,,A40,160,57152,57,D,PR valide,PR,01PR160DC,NAT-A40-D-7,01,ROUTNOMM0000000009137389,APRR
a40,44.931,5.30106987,46.16759184,,POIN_REP0000002330655481,2023/03/09 12:34:59.704+00,2023/12/05 14:25:42.472+00,,,DGITM 2022,,A40,159,56152,56,D,PR valide,PR,01PR159DC,NAT-A40-D-7,01,ROUTNOMM0000000009137389,APRR
a40,45.926,5.29623158,46.15930716,,POIN_REP0000002330655486,2023/03/09 12:34:59.704+00,2023/12/05 14:25:42.472+00,,,DGITM 2022,,A40,158,55152,55,D,PR valide,PR,01PR158DC,NAT-A40-D-7,01,ROUTNOMM0000000009137389,APRR
a40,46.927,5.29308106,46.15058645,,POIN_REP0000002330655539,2023/03/09 12:34:59.704+00,2023/12/05 14:25:42.472+00,,,DGITM 2022,,A40,157,54152,54,D,PR valide,PR,01PR157DC,NAT-A40-D-7,01,ROUTNOMM0000000009137389,APRR
a40,47.933,5.28964533,46.14187052,,POIN_REP0000002330655422,2023/03/09 12:34:59.704+00,2023/12/05 14:25:42.472+00,,,DGITM 2022,,A40,156,53152,53,D,PR valide,PR,01PR156DC,NAT-A40-D-7,01,ROUTNOMM0000000009137389,APRR
a40,48.936,5.284969,46.13345784,,POIN_REP0000002330655504,2023/03/09 12:34:59.704+00,2023/12/05 14:25:42.472+00,,,DGITM 2022,,A40,155,52152,52,D,PR valide,PR,01PR155DC,NAT-A40-D-7,01,ROUTNOMM0000000009137389,APRR
a40,49.906,5.28321081,46.124835,,POIN_REP0000002330655482,2023/03/09 12:34:59.704+00,2023/12/05 14:25:42.472+00,,,DGITM 2022,,A40,154,51152,51,D,PR valide,PR,01PR154DC,NAT-A40-D-7,01,ROUTNOMM0000000009137389,APRR
a40,50.894,5.28917563,46.11697374,,POIN_REP0000002330655435,2023/03/09 12:34:59.704+00,2023/12/05 14:25:42.472+00,,,DGITM 2022,,A40,153,50152,50,D,PR valide,PR,01PR153DC,NAT-A40-D-7,01,ROUTNOMM0000000009137389,APRR
a40,51.879,5.29178445,46.1083133,,POIN_REP0000002330655386,2023/03/09 12:34:59.704+00,2023/12/05 14:25:42.472+00,,,DGITM 2022,,A40,152,49152,49,D,PR valide,PR,01PR152DC,NAT-A40-D-7,01,ROUTNOMM0000000009137389,APRR
a40,52.877,5.29005156,46.09943419,,POIN_REP0000002330655573,2023/03/09 12:34:59.704+00,2023/12/05 14:25:42.472+00,,,DGITM 2022,,A40,151,48152,48,D,PR valide,PR,01PR151DC,NAT-A40-D-7,01,ROUTNOMM0000000009137389,APRR
a40,53.888,5.2884625,46.09041974,,POIN_REP0000002330655560,2023/03/09 12:34:59.704+00,2023/12/05 14:25:42.472+00,,,DGITM 2022,,A40,150,47152,47,D,PR valide,PR,01PR150DC,NAT-A40-D-7,01,ROUTNOMM0000000009137389,APRR
a40,54.870,5.29227662,46.0820052,,POIN_REP0000002330655478,2023/03/09 12:34:59.704+00,2023/12/05 14:25:42.472+00,,,DGITM 2022,,A40,149,46152,46,D,PR valide,PR,01PR149DC,NAT-A40-D-7,01,ROUTNOMM0000000009137389,APRR
a40,55.847,5.30258041,46.07691379,,POIN_REP0000002330655516,2023/03/09 12:34:59.704+00,2023/12/05 14:25:42.472+00,,,DGITM 2022,,A40,148,45152,45,D,PR valide,PR,01PR148DC,NAT-A40-D-7,01,ROUTNOMM0000000009137389,APRR
a40,56.835,5.31445356,46.07360196,,POIN_REP0000002330655463,2023/03/09 12:34:59.704+00,2023/12/05 14:25:42.472+00,,,DGITM 2022,,A40,147,44152,44,D,PR valide,PR,01PR147DC,NAT-A40-D-7,01,ROUTNOMM0000000009137389,APRR
a40,57.606,5.32317055,46.07021661,,POIN_REP0000002330655575,2023/03/09 12:34:59.704+00,2023/12/05 14:25:42.472+00,,,DGITM 2022,,A40,146,43152,43,D,PR valide,PR,01PR146DC,NAT-A40-D-7,01,ROUTNOMM0000000009137389,APRR
a40,58.253,5.33142365,46.07120489,,POIN_REP0000002330655420,2023/03/09 12:34:59.704+00,2023/12/05 14:25:42.472+00,,,DGITM 2022,,A40,145,42152,42,D,PR valide,PR,01PR145DC,NAT-A40-D-7,01,ROUTNOMM0000000009137389,APRR
a40,59.214,5.34225829,46.07544734,,POIN_REP0000002330655559,2023/03/09 12:34:59.704+00,2023/12/05 14:25:42.472+00,,,DGITM 2022,,A40,144,41152,41,D,PR valide,PR,01PR144DC,NAT-A40-D-7,01,ROUTNOMM0000000009137389,APRR
a40,60.163,5.3545271,46.07502396,,POIN_REP0000002330655543,2023/03/09 12:34:59.704+00,2023/12/05 14:25:42.472+00,,,DGITM 2022,,A40,143,40152,40,D,PR valide,PR,01PR143DC,NAT-A40-D-7,01,ROUTNOMM0000000009137389,APRR
a40,61.166,5.36480416,46.08053714,,POIN_REP0000002330655525,2023/03/09 12:34:59.704+00,2023/12/05 14:25:42.472+00,,,DGITM 2022,,A40,142,39152,39,D,PR valide,PR,01PR142DC,NAT-A40-D-7,01,ROUTNOMM0000000009137389,APRR
a40,62.125,5.37220257,46.0874592,,POIN_REP0000002330655512,2023/03/09 12:34:59.704+00,2023/12/05 14:25:42.472+00,,,DGITM 2022,,A40,141,38152,38,D,PR valide,PR,01PR141DC,NAT-A40-D-7,01,ROUTNOMM0000000009137389,APRR
a40,63.112,5.3849612,46.08695567,,POIN_REP0000002330655455,2023/03/09 12:34:59.704+00,2023/12/05 14:25:42.472+00,,,DGITM 2022,,A40,140,37152,37,D,PR valide,PR,01PR140DC,NAT-A40-D-7,01,ROUTNOMM0000000009137389,APRR
a40,64.069,5.39717273,46.08842713,,POIN_REP0000002330655576,2023/03/09 12:34:59.704+00,2023/12/05 14:25:42.472+00,,,DGITM 2022,,A40,139,36152,36,D,PR valide,PR,01PR139DC,NAT-A40-D-7,01,ROUTNOMM0000000009137389,APRR
a40,65.017,5.40699794,46.09354707,,POIN_REP0000002330655444,2023/03/09 12:34:59.704+00,2023/12/05 14:25:42.472+00,,,DGITM 2022,,A40,138,35152,35,D,PR valide,PR,01PR138DC,NAT-A40-D-7,01,ROUTNOMM0000000009137389,APRR
a40,66.026,5.41991363,46.09493361,,POIN_REP0000002330655469,2023/03/09 12:34:59.704+00,2023/12/05 14:25:42.472+00,,,DGITM 2022,,A40,137,34152,34,D,PR valide,PR,01PR137DC,NAT-A40-D-7,01,ROUTNOMM0000000009137389,APRR
a40,67.018,5.43072309,46.09974318,,POIN_REP0000002330655490,2023/03/09 12:34:59.704+00,2023/12/05 14:25:42.472+00,,,DGITM 2022,,A40,136,33152,33,D,PR valide,PR,01PR136DC,NAT-A40-D-7,01,ROUTNOMM0000000009137389,APRR
a40,68.026,5.44257039,46.10355733,,POIN_REP0000002330655531,2023/03/09 12:34:59.704+00,2023/12/05 14:25:42.472+00,,,DGITM 2022,,A40,135,32152,32,D,PR valide,PR,01PR135DC,NAT-A40-D-7,01,ROUTNOMM0000000009137389,APRR
a40,69.039,5.45494739,46.10657863,,POIN_REP0000002330655593,2023/03/09 12:34:59.704+00,2023/12/05 14:25:42.472+00,,,DGITM 2022,,A40,134,31152,31,D,PR valide,PR,01PR134DC,NAT-A40-D-7,01,ROUTNOMM0000000009137389,APRR
a40,69.989,5.46491173,46.11159973,,POIN_REP0000002330655477,2023/03/09 12:34:59.704+00,2023/12/05 14:25:42.472+00,,,DGITM 2022,,A40,133,30152,30,D,PR valide,PR,01PR133DC,NAT-A40-D-7,01,ROUTNOMM0000000009137389,APRR
a40,70.883,5.47600528,46.11389799,,POIN_REP0000002330655485,2023/03/09 12:34:59.704+00,2023/12/05 14:25:42.472+00,,,DGITM 2022,,A40,132,29152,29,D,PR valide,PR,01PR132DC,NAT-A40-D-7,01,ROUTNOMM0000000009137389,APRR
a40,71.790,5.48775254,46.11350507,,POIN_REP0000002330655581,2023/03/09 12:34:59.704+00,2023/12/05 14:25:42.472+00,,,DGITM 2022,,A40,131,28152,28,D,PR valide,PR,01PR131DC,NAT-A40-D-7,01,ROUTNOMM0000000009137389,APRR
a40,72.796,5.49488906,46.12105955,,POIN_REP0000002330655527,2023/03/09 12:34:59.704+00,2023/12/05 14:25:42.472+00,,,DGITM 2022,,A40,130,27152,27,D,PR valide,PR,01PR130DC,NAT-A40-D-7,01,ROUTNOMM0000000009137389,APRR
a40,73.769,5.50222895,46.12817129,,POIN_REP0000002330655532,2023/03/09 12:34:59.704+00,2023/12/05 14:25:42.472+00,,,DGITM 2022,,A40,129,26152,26,D,PR valide,PR,01PR129DC,NAT-A40-D-7,01,ROUTNOMM0000000009137389,APRR
a40,74.781,5.51468268,46.1310278,,POIN_REP0000002330655452,2023/03/09 12:34:59.704+00,2023/12/05 14:25:42.472+00,,,DGITM 2022,,A40,128,25152,25,D,PR valide,PR,01PR128DC,NAT-A40-D-7,01,ROUTNOMM0000000009137389,APRR
a40,75.712,5.52444122,46.13594664,,POIN_REP0000002330655474,2023/03/09 12:34:59.704+00,2023/12/05 14:25:42.472+00,,,DGITM 2022,,A40,127,24152,24,D,PR valide,PR,01PR127DC,NAT-A40-D-7,01,ROUTNOMM0000000009137389,APRR
a40,76.604,5.53583256,46.13731542,,POIN_REP0000002330655446,2023/03/09 12:34:59.704+00,2023/12/05 14:25:42.472+00,,,DGITM 2022,,A40,126,23152,23,D,PR valide,PR,01PR126DC,NAT-A40-D-7,01,ROUTNOMM0000000009137389,APRR
a40,77.615,5.54611937,46.13168129,,POIN_REP0000002330655587,2023/03/09 12:34:59.704+00,2023/12/05 14:25:42.472+00,,,DGITM 2022,,A40,125,22152,22,D,PR valide,PR,01PR125DC,NAT-A40-D-7,01,ROUTNOMM0000000009137389,APRR
a40,78.600,5.55785509,46.12821008,,POIN_REP0000002330655503,2023/03/09 12:34:59.704+00,2023/12/05 14:25:42.472+00,,,DGITM 2022,,A40,124,21152,21,D,PR valide,PR,01PR124DC,NAT-A40-D-7,01,ROUTNOMM0000000009137389,APRR
a40,79.542,5.5700523,46.12784542,,POIN_REP0000002330655496,2023/03/09 12:34:59.704+00,2023/12/05 14:25:42.472+00,,,DGITM 2022,,A40,123,20152,20,D,PR valide,PR,01PR123DC,NAT-A40-D-7,01,ROUTNOMM0000000009137389,APRR
a40,80.505,5.58253479,46.12773513,,POIN_REP0000002330655585,2023/03/09 12:34:59.704+00,2023/12/05 14:25:42.472+00,,,DGITM 2022,,A40,122,19152,19,D,PR valide,PR,01PR122DC,NAT-A40-D-7,01,ROUTNOMM0000000009137389,APRR
a40,81.576,5.59564505,46.13089768,,POIN_REP0000002330655388,2023/03/09 12:34:59.704+00,2023/12/05 14:25:42.472+00,,,DGITM 2022,,A40,121,18152,18,D,PR valide,PR,01PR121DC,NAT-A40-D-7,01,ROUTNOMM0000000009137389,APRR
a40,82.581,5.60536741,46.13691516,,POIN_REP0000002330655393,2023/03/09 12:34:59.704+00,2023/12/05 14:25:42.472+00,,,DGITM 2022,,A40,120,17152,17,D,PR valide,PR,01PR120DC,NAT-A40-D-7,01,ROUTNOMM0000000009137389,APRR
a40,83.582,5.61589675,46.14216905,,POIN_REP0000002330655440,2023/03/09 12:34:59.704+00,2023/12/05 14:25:42.472+00,,,DGITM 2022,,A40,119,16152,16,D,PR valide,PR,01PR119DC,NAT-A40-D-7,01,ROUTNOMM0000000009137389,APRR
a40,84.555,5.62850557,46.1421626,,POIN_REP0000002330655508,2023/03/09 12:34:59.704+00,2023/12/05 14:25:42.472+00,,,DGITM 2022,,A40,118,15152,15,D,PR valide,PR,01PR118DC,NAT-A40-D-7,01,ROUTNOMM0000000009137389,APRR
a40,85.529,5.63744475,46.14835326,,POIN_REP0000002330655432,2023/03/09 12:34:59.704+00,2023/12/05 14:25:42.472+00,,,DGITM 2022,,A40,117,14152,14,D,PR valide,PR,01PR117DC,NAT-A40-D-7,01,ROUTNOMM0000000009137389,APRR
a40,86.530,5.64641227,46.15484713,,POIN_REP0000002330655436,2023/03/09 12:34:59.704+00,2023/12/05 14:25:42.472+00,,,DGITM 2022,,A40,116,13152,13,D,PR valide,PR,01PR116DC,NAT-A40-D-7,01,ROUTNOMM0000000009137389,APRR
a40,87.512,5.65426173,46.16179804,,POIN_REP0000002330655541,2023/03/09 12:34:59.704+00,2023/12/05 14:25:42.472+00,,,DGITM 2022,,A40,115,12152,12,D,PR valide,PR,01PR115DC,NAT-A40-D-7,01,ROUTNOMM0000000009137389,APRR
a40,88.501,5.66664178,46.16411018,,POIN_REP0000002330655582,2023/03/09 12:34:59.704+00,2023/12/05 14:25:42.472+00,,,DGITM 2022,,A40,114,11152,11,D,PR valide,PR,01PR114DC,NAT-A40-D-7,01,ROUTNOMM0000000009137389,APRR
a40,89.457,5.67623441,46.1695483,,POIN_REP0000002330655418,2023/03/09 12:34:59.704+00,2023/12/05 14:25:42.472+00,,,DGITM 2022,,A40,113,10152,10,D,PR valide,PR,01PR113DC,NAT-A40-D-7,01,ROUTNOMM0000000009137389,APRR
a40,90.365,5.68797809,46.17022432,,POIN_REP0000002330655416,2023/03/09 12:34:59.704+00,2023/12/05 14:25:42.472+00,,,DGITM 2022,,A40,112,9152,9,D,PR valide,PR,01PR112DC,NAT-A40-D-7,01,ROUTNOMM0000000009137389,APRR
a40,91.351,5.69815932,46.16486343,,POIN_REP0000002330655523,2023/03/09 12:34:59.704+00,2023/12/05 14:25:42.472+00,,,DGITM 2022,,A40,111,8152,8,D,PR valide,PR,01PR111DC,NAT-A40-D-7,01,ROUTNOMM0000000009137389,APRR
a40,92.328,5.71041892,46.16709623,,POIN_REP0000002330655424,2023/03/09 12:34:59.704+00,2023/12/05 14:25:42.472+00,,,DGITM 2022,,A40,110,7152,7,D,PR valide,PR,01PR110DC,NAT-A40-D-7,01,ROUTNOMM0000000009137389,APRR
a40,93.326,5.72322657,46.16835682,,POIN_REP0000002330655547,2023/03/09 12:34:59.704+00,2023/12/05 14:25:42.472+00,,,DGITM 2022,,A40,109,6152,6,D,PR valide,PR,01PR109DC,NAT-A40-D-7,01,ROUTNOMM0000000009137389,APRR
a40,94.320,5.73539395,46.17132802,,POIN_REP0000002330655439,2023/03/09 12:34:59.704+00,2023/12/05 14:25:42.472+00,,,DGITM 2022,,A40,108,5152,5,D,PR valide,PR,01PR108DC,NAT-A40-D-7,01,ROUTNOMM0000000009137389,APRR
a40,95.302,5.7480751,46.17047056,,POIN_REP0000002330655554,2023/03/09 12:34:59.704+00,2023/12/05 14:25:42.472+00,,,DGITM 2022,,A40,107,4152,4,D,PR valide,PR,01PR107DC,NAT-A40-D-7,01,ROUTNOMM0000000009137389,APRR
a40,96.291,5.75746967,46.16443035,,POIN_REP0000002330655395,2023/03/09 12:34:59.704+00,2023/12/05 14:25:42.472+00,,,DGITM 2022,,A40,106,3152,3,D,PR valide,PR,01PR106DC,NAT-A40-D-7,01,ROUTNOMM0000000009137389,APRR
a40,97.278,5.76910296,46.16073062,,POIN_REP0000002330655544,2023/03/09 12:34:59.704+00,2023/12/05 14:25:42.472+00,,,DGITM 2022,,A40,105,2152,2,D,PR valide,PR,01PR105DC,NAT-A40-D-7,01,ROUTNOMM0000000009137389,APRR
a40,98.222,5.7811499,46.15918384,,POIN_REP0000002330655470,2023/03/09 12:34:59.704+00,2023/12/05 14:25:42.472+00,,,DGITM 2022,,A40,104,1152,1,D,PR valide,PR,01PR104DC,NAT-A40-D-7,01,ROUTNOMM0000000009137389,APRR
a40,99.234,5.78946301,46.15215094,,POIN_REP0000002330655396,2023/03/09 12:34:59.704+00,2023/12/05 14:25:42.472+00,,,DGITM 2022,,A40,103,152,0,D,PR valide,PR,01PR103DC,NAT-A40-D-10,01,ROUTNOMM0000000009137389,APRR
a40,99.437,5.79091828,46.15063386,,POIN_REP0000002330655599,2023/03/09 12:34:59.704+00,2023/12/05 14:25:42.472+00,,,DGITM 2022,,A40,102,0,0,D,PR0 valide,PR0,CS01PR102DC,NAT-A40-G-2,01,ROUTNOMM0000000009137389,APRR
a40,100.200,5.79488736,46.14436045,,POIN_REP0000002330666164,2023/03/09 12:34:59.704+00,,,,DGITM 2022,,A40,102,5600,6,D,PR valide,PR,01PR102DC,NAT-A40-D-14,01,ROUTNOMM0000000067808716,ATMB
a40,101.188,5.79747998,46.13566542,,POIN_REP0000002330666140,2023/03/09 12:34:59.704+00,,,,DGITM 2022,,A40,101,4600,5,D,PR valide,PR,01PR101DC,NAT-A40-D-14,01,ROUTNOMM0000000067808716,ATMB
a40,102.191,5.79858758,46.12668346,,POIN_REP0000002330666049,2023/03/09 12:34:59.704+00,,,,DGITM 2022,,A40,100,3600,4,D,PR valide,PR,01PR100DC,NAT-A40-D-14,01,ROUTNOMM0000000067808716,ATMB
a40,103.194,5.79703941,46.11774172,,POIN_REP0000002330666127,2023/03/09 12:34:59.704+00,,,,DGITM 2022,,A40,99,2600,3,D,PR valide,PR,01PR99DC,NAT-A40-D-14,01,ROUTNOMM0000000067808716,ATMB
a40,104.143,5.80084206,46.10963756,,POIN_REP0000002330666223,2023/03/09 12:34:59.704+00,,,,DGITM 2022,,A40,98,1600,2,D,PR valide,PR,01PR98DC,NAT-A40-D-14,01,ROUTNOMM0000000067808716,ATMB
a40,105.136,5.81211268,46.10533289,,POIN_REP0000002330666095,2023/03/09 12:34:59.704+00,,,,DGITM 2022,,A40,97,600,1,D,PR valide,PR,01PR97DC,NAT-A40-D-14,01,ROUTNOMM0000000067808716,ATMB
a40,106.137,5.8245309,46.10272223,,POIN_REP0000002330666192,2023/03/09 12:34:59.704+00,,,,DGITM 2022,,A40,96,96000,96,D,PR valide,PR,74PR96DC,NAT-A40-D-8,74,ROUTNOMM0000000067808716,ATMB
a40,107.071,5.82836714,46.09476486,,POIN_REP0000002330666028,2023/03/09 12:34:59.704+00,,,,DGITM 2022,,A40,95,95000,95,D,PR valide,PR,74PR95DC,NAT-A40-D-8,74,ROUTNOMM0000000067808716,ATMB
a40,108.042,5.83482218,46.08728706,,POIN_REP0000002330666064,2023/03/09 12:34:59.704+00,,,,DGITM 2022,,A40,94,94000,94,D,PR valide,PR,74PR94DC,NAT-A40-D-8,74,ROUTNOMM0000000067808716,ATMB
a40,109.019,5.84274648,46.08043612,,POIN_REP0000002330666185,2023/03/09 12:34:59.704+00,,,,DGITM 2022,,A40,93,93000,93,D,PR valide,PR,74PR93DC,NAT-A40-D-8,74,ROUTNOMM0000000067808716,ATMB
a40,109.986,5.84793057,46.07253609,,POIN_REP0000002330666037,2023/03/09 12:34:59.704+00,,,,DGITM 2022,,A40,92,92000,92,D,PR valide,PR,74PR92DC,NAT-A40-D-8,74,ROUTNOMM0000000067808716,ATMB
a40,110.979,5.85959104,46.06877079,,POIN_REP0000002330666069,2023/03/09 12:34:59.704+00,,,,DGITM 2022,,A40,91,91000,91,D,PR valide,PR,74PR91DC,NAT-A40-D-8,74,ROUTNOMM0000000067808716,ATMB
a40,111.969,5.87167134,46.06578567,,POIN_REP0000002330666076,2023/03/09 12:34:59.704+00,,,,DGITM 2022,,A40,90,90000,90,D,PR valide,PR,74PR90DC,NAT-A40-D-8,74,ROUTNOMM0000000067808716,ATMB
a40,112.967,5.88226561,46.06065277,,POIN_REP0000002330666026,2023/03/09 12:34:59.704+00,,,,DGITM 2022,,A40,89,89000,89,D,PR valide,PR,74PR89DC,NAT-A40-D-8,74,ROUTNOMM0000000067808716,ATMB
a40,113.945,5.89436226,46.05808196,,POIN_REP0000002330666070,2023/03/09 12:34:59.704+00,,,,DGITM 2022,,A40,88,88000,88,D,PR valide,PR,74PR88DC,NAT-A40-D-8,74,ROUTNOMM0000000067808716,ATMB
a40,114.873,5.90393123,46.06312491,,POIN_REP0000002330666085,2023/03/09 12:34:59.704+00,,,,DGITM 2022,,A40,87,87000,87,D,PR valide,PR,74PR87DC,NAT-A40-D-8,74,ROUTNOMM0000000067808716,ATMB
a40,115.854,5.90277675,46.07189964,,POIN_REP0000002330666058,2023/03/09 12:34:59.704+00,,,,DGITM 2022,,A40,86,86000,86,D,PR valide,PR,74PR86DC,NAT-A40-D-8,74,ROUTNOMM0000000067808716,ATMB
a40,116.843,5.90803609,46.08000186,,POIN_REP0000002330666219,2023/03/09 12:34:59.704+00,,,,DGITM 2022,,A40,85,85000,85,D,PR valide,PR,74PR85DC,NAT-A40-D-8,74,ROUTNOMM0000000067808716,ATMB
a40,117.850,5.91280614,46.08842101,,POIN_REP0000002330666171,2023/03/09 12:34:59.704+00,,,,DGITM 2022,,A40,84,84000,84,D,PR valide,PR,74PR84DC,NAT-A40-D-8,74,ROUTNOMM0000000067808716,ATMB
a40,118.912,5.92654144,46.08887847,,POIN_REP0000002330666051,2023/03/09 12:34:59.704+00,,,,DGITM 2022,,A40,83,83000,83,D,PR valide,PR,74PR83DC,NAT-A40-D-8,74,ROUTNOMM0000000067808716,ATMB
a40,119.856,5.93869912,46.08794689,,POIN_REP0000002330666055,2023/03/09 12:34:59.704+00,,,,DGITM 2022,,A40,82,82000,82,D,PR valide,PR,74PR82DC,NAT-A40-D-8,74,ROUTNOMM0000000067808716,ATMB
a40,120.849,5.94965203,46.09263317,,POIN_REP0000002330666125,2023/03/09 12:34:59.704+00,,,,DGITM 2022,,A40,81,81000,81,D,PR valide,PR,74PR81DC,NAT-A40-D-8,74,ROUTNOMM0000000067808716,ATMB
a40,121.812,5.96082087,46.09648377,,POIN_REP0000002330666199,2023/03/09 12:34:59.704+00,,,,DGITM 2022,,A40,80,80000,80,D,PR valide,PR,74PR80DC,NAT-A40-D-8,74,ROUTNOMM0000000067808716,ATMB
a40,122.787,5.97223299,46.10022782,,POIN_REP0000002330666118,2023/03/09 12:34:59.704+00,,,,DGITM 2022,,A40,79,79000,79,D,PR valide,PR,74PR79DC,NAT-A40-D-8,74,ROUTNOMM0000000067808716,ATMB
a40,123.775,5.98155719,46.10631091,,POIN_REP0000002330666039,2023/03/09 12:34:59.704+00,,,,DGITM 2022,,A40,78,78000,78,D,PR valide,PR,74PR78DC,NAT-A40-D-8,74,ROUTNOMM0000000067808716,ATMB
a40,124.770,5.98989962,46.11312295,,POIN_REP0000002330666205,2023/03/09 12:34:59.704+00,,,,DGITM 2022,,A40,77,77000,77,D,PR valide,PR,74PR77DC,NAT-A40-D-8,74,ROUTNOMM0000000067808716,ATMB
a40,125.741,5.99981519,46.11849699,,POIN_REP0000002330666042,2023/03/09 12:34:59.704+00,,,,DGITM 2022,,A40,76,76000,76,D,PR valide,PR,74PR76DC,NAT-A40-D-8,74,ROUTNOMM0000000067808716,ATMB
a40,126.706,6.01206358,46.12022358,,POIN_REP0000002330666214,2023/03/09 12:34:59.704+00,,,,DGITM 2022,,A40,75,75000,75,D,PR valide,PR,74PR75DC,NAT-A40-D-8,74,ROUTNOMM0000000067808716,ATMB
a40,127.622,6.02386831,46.12112713,,POIN_REP0000002330666211,2023/03/09 12:34:59.704+00,,,,DGITM 2022,,A40,74,74000,74,D,PR valide,PR,74PR74DC,NAT-A40-D-8,74,ROUTNOMM0000000067808716,ATMB
a40,128.613,6.03503257,46.12553226,,POIN_REP0000002330666107,2023/03/09 12:34:59.704+00,,,,DGITM 2022,,A40,73,73000,73,D,PR valide,PR,74PR73DC,NAT-A40-D-8,74,ROUTNOMM0000000067808716,ATMB
a40,129.595,6.04517814,46.13086302,,POIN_REP0000002330666057,2023/03/09 12:34:59.704+00,,,,DGITM 2022,,A40,72,72000,72,D,PR valide,PR,74PR72DC,NAT-A40-D-8,74,ROUTNOMM0000000067808716,ATMB
a40,130.586,6.05799664,46.13134299,,POIN_REP0000002330666100,2023/03/09 12:34:59.704+00,,,,DGITM 2022,,A40,71,71000,71,D,PR valide,PR,74PR71DC,NAT-A40-D-8,74,ROUTNOMM0000000067808716,ATMB
a40,131.567,6.06978029,46.12803216,,POIN_REP0000002330666041,2023/03/09 12:34:59.704+00,,,,DGITM 2022,,A40,70,70000,70,D,PR valide,PR,74PR70DC,NAT-A40-D-8,74,ROUTNOMM0000000067808716,ATMB
a40,132.506,6.08195281,46.12816191,,POIN_REP0000002330666180,2023/03/09 12:34:59.704+00,,,,DGITM 2022,,A40,69,69000,69,D,PR valide,PR,74PR69DC,NAT-A40-D-8,74,ROUTNOMM0000000067808716,ATMB
a40,133.492,6.09312871,46.13245303,,POIN_REP0000002330666221,2023/03/09 12:34:59.704+00,,,,DGITM 2022,,A40,68,68000,68,D,PR valide,PR,74PR68DC,NAT-A40-D-8,74,ROUTNOMM0000000067808716,ATMB
a40,134.493,6.10571193,46.13466523,,POIN_REP0000002330666111,2023/03/09 12:34:59.704+00,,,,DGITM 2022,,A40,67,67000,67,D,PR valide,PR,74PR67DC,NAT-A40-D-8,74,ROUTNOMM0000000067808716,ATMB
a40,135.495,6.11830881,46.13684774,,POIN_REP0000002330666202,2023/03/09 12:34:59.704+00,,,,DGITM 2022,,A40,66,66000,66,D,PR valide,PR,74PR66DC,NAT-A40-D-8,74,ROUTNOMM0000000067808716,ATMB
a40,136.505,6.13113351,46.13870989,,POIN_REP0000002330666217,2023/03/09 12:34:59.704+00,,,,DGITM 2022,,A40,65,65000,65,D,PR valide,PR,74PR65DC,NAT-A40-D-8,74,ROUTNOMM0000000067808716,ATMB
a40,137.448,6.14272035,46.14139704,,POIN_REP0000002330666033,2023/03/09 12:34:59.704+00,,,,DGITM 2022,,A40,64,64000,64,D,PR valide,PR,74PR64DC,NAT-A40-D-8,74,ROUTNOMM0000000067808716,ATMB
a40,138.421,6.14988043,46.1485948,,POIN_REP0000002330666089,2023/03/09 12:34:59.704+00,,,,DGITM 2022,,A40,63,63000,63,D,PR valide,PR,74PR63DC,NAT-A40-D-8,74,ROUTNOMM0000000067808716,ATMB
a40,139.413,6.1605675,46.15354828,,POIN_REP0000002330666112,2023/03/09 12:34:59.704+00,,,,DGITM 2022,,A40,62,62000,62,D,PR valide,PR,74PR62DC,NAT-A40-D-8,74,ROUTNOMM0000000067808716,ATMB
a40,140.383,6.17239785,46.15652946,,POIN_REP0000002330666196,2023/03/09 12:34:59.704+00,,,,DGITM 2022,,A40,61,61000,61,D,PR valide,PR,74PR61DC,NAT-A40-D-8,74,ROUTNOMM0000000067808716,ATMB
a40,141.352,6.18444371,46.15899962,,POIN_REP0000002330666144,2023/03/09 12:34:59.704+00,,,,DGITM 2022,,A40,60,60000,60,D,PR valide,PR,74PR60DC,NAT-A40-D-8,74,ROUTNOMM0000000067808716,ATMB
a40,142.353,6.1950057,46.16423018,,POIN_REP0000002330666156,2023/03/09 12:34:59.704+00,,,,DGITM 2022,,A40,59,59000,59,D,PR valide,PR,74PR59DC,NAT-A40-D-8,74,ROUTNOMM0000000067808716,ATMB
a40,143.320,6.20548682,46.16899616,,POIN_REP0000002330666206,2023/03/09 12:34:59.704+00,,,,DGITM 2022,,A40,58,58000,58,D,PR valide,PR,74PR58DC,NAT-A40-D-8,74,ROUTNOMM0000000067808716,ATMB
a40,144.316,6.21670832,46.17343654,,POIN_REP0000002330666073,2023/03/09 12:34:59.704+00,,,,DGITM 2022,,A40,57,57000,57,D,PR valide,PR,74PR57DC,NAT-A40-D-8,74,ROUTNOMM0000000067808716,ATMB
a40,145.249,6.22309438,46.18055734,,POIN_REP0000002330666172,2023/03/09 12:34:59.704+00,,,,DGITM 2022,,A40,56,56000,56,D,PR valide,PR,74PR56DC,NAT-A40-D-8,74,ROUTNOMM0000000067808716,ATMB
a40,145.898,6.23150877,46.18056526,,POIN_REP0000002330666155,2023/03/09 12:34:59.704+00,,,,DGITM 2022,,A40,55,55000,55,D,PR valide,PR,74PR55DC,NAT-A40-D-8,74,ROUTNOMM0000000067808716,ATMB
a40,146.886,6.23961091,46.17368605,,POIN_REP0000002330666201,2023/03/09 12:34:59.704+00,,,,DGITM 2022,,A40,54,54000,54,D,PR valide,PR,74PR54DC,NAT-A40-D-8,74,ROUTNOMM0000000067808716,ATMB
a40,147.865,6.24747871,46.16678226,,POIN_REP0000002330666109,2023/03/09 12:34:59.704+00,,,,DGITM 2022,,A40,53,53000,53,D,PR valide,PR,74PR53DC,NAT-A40-D-8,74,ROUTNOMM0000000067808716,ATMB
a40,148.871,6.25961602,46.16346586,,POIN_REP0000002330666231,2023/03/09 12:34:59.704+00,,,,DGITM 2022,,A40,52,52000,52,D,PR valide,PR,74PR52DC,NAT-A40-D-8,74,ROUTNOMM0000000067808716,ATMB
a40,149.870,6.27147726,46.15984965,,POIN_REP0000002330666105,2023/03/09 12:34:59.704+00,,,,DGITM 2022,,A40,51,51000,51,D,PR valide,PR,74PR51DC,NAT-A40-D-8,74,ROUTNOMM0000000067808716,ATMB
a40,150.888,6.28355153,46.15615569,,POIN_REP0000002330666194,2023/03/09 12:34:59.704+00,,,,DGITM 2022,,A40,50,50000,50,D,PR valide,PR,74PR50DC,NAT-A40-D-8,74,ROUTNOMM0000000067808716,ATMB
a40,151.880,6.29560111,46.15302622,,POIN_REP0000002330666212,2023/03/09 12:34:59.704+00,,,,DGITM 2022,,A40,49,49000,49,D,PR valide,PR,74PR49DC,NAT-A40-D-8,74,ROUTNOMM0000000067808716,ATMB
a40,152.867,6.30720811,46.14928824,,POIN_REP0000002330666139,2023/03/09 12:34:59.704+00,,,,DGITM 2022,,A40,48,48000,48,D,PR valide,PR,74PR48DC,NAT-A40-D-8,74,ROUTNOMM0000000067808716,ATMB
a40,153.872,6.31568829,46.14243453,,POIN_REP0000002330666120,2023/03/09 12:34:59.704+00,,,,DGITM 2022,,A40,47,47000,47,D,PR valide,PR,74PR47DC,NAT-A40-D-8,74,ROUTNOMM0000000067808716,ATMB
a40,154.861,6.31982689,46.13403349,,POIN_REP0000002330666135,2023/03/09 12:34:59.704+00,,,,DGITM 2022,,A40,46,46000,46,D,PR valide,PR,74PR46DC,NAT-A40-D-8,74,ROUTNOMM0000000067808716,ATMB
a40,155.871,6.32618544,46.12609447,,POIN_REP0000002330666117,2023/03/09 12:34:59.704+00,,,,DGITM 2022,,A40,45,45000,45,D,PR valide,PR,74PR45DC,NAT-A40-D-8,74,ROUTNOMM0000000067808716,ATMB
a40,156.849,6.33268468,46.1185601,,POIN_REP0000002330666061,2023/03/09 12:34:59.704+00,,,,DGITM 2022,,A40,44,44000,44,D,PR valide,PR,74PR44DC,NAT-A40-D-8,74,ROUTNOMM0000000067808716,ATMB
a40,157.855,6.34080944,46.11148848,,POIN_REP0000002330666128,2023/03/09 12:34:59.704+00,,,,DGITM 2022,,A40,43,43000,43,D,PR valide,PR,74PR43DC,NAT-A40-D-8,74,ROUTNOMM0000000067808716,ATMB
a40,158.860,6.3472643,46.10364802,,POIN_REP0000002330666081,2023/03/09 12:34:59.704+00,,,,DGITM 2022,,A40,42,42000,42,D,PR valide,PR,74PR42DC,NAT-A40-D-8,74,ROUTNOMM0000000067808716,ATMB
a40,159.852,6.35361684,46.0959012,,POIN_REP0000002330666142,2023/03/09 12:34:59.704+00,,,,DGITM 2022,,A40,41,41000,41,D,PR valide,PR,74PR41DC,NAT-A40-D-8,74,ROUTNOMM0000000067808716,ATMB
a40,160.856,6.36202465,46.0890223,,POIN_REP0000002330666087,2023/03/09 12:34:59.704+00,,,,DGITM 2022,,A40,40,40000,40,D,PR valide,PR,74PR40DC,NAT-A40-D-8,74,ROUTNOMM0000000067808716,ATMB
a40,161.854,6.3716874,46.0830608,,POIN_REP0000002330666030,2023/03/09 12:34:59.704+00,,,,DGITM 2022,,A40,39,39000,39,D,PR valide,PR,74PR39DC,NAT-A40-D-8,74,ROUTNOMM0000000067808716,ATMB
a40,162.847,6.3795011,46.07598092,,POIN_REP0000002330666159,2023/03/09 12:34:59.704+00,,,,DGITM 2022,,A40,38,38000,38,D,PR valide,PR,74PR38DC,NAT-A40-D-8,74,ROUTNOMM0000000067808716,ATMB
a40,163.837,6.38811724,46.06938842,,POIN_REP0000002330666187,2023/03/09 12:34:59.704+00,,,,DGITM 2022,,A40,37,37000,37,D,PR valide,PR,74PR37DC,NAT-A40-D-8,74,ROUTNOMM0000000067808716,ATMB
a40,164.828,6.39968437,46.06555132,,POIN_REP0000002330666093,2023/03/09 12:34:59.704+00,,,,DGITM 2022,,A40,36,36000,36,D,PR valide,PR,74PR36DC,NAT-A40-D-8,74,ROUTNOMM0000000067808716,ATMB
a40,165.816,6.41247331,46.06529597,,POIN_REP0000002330666229,2023/03/09 12:34:59.704+00,,,,DGITM 2022,,A40,35,35000,35,D,PR valide,PR,74PR35DC,NAT-A40-D-8,74,ROUTNOMM0000000067808716,ATMB
a40,166.811,6.42465073,46.06821324,,POIN_REP0000002330666136,2023/03/09 12:34:59.704+00,,,,DGITM 2022,,A40,34,34000,34,D,PR valide,PR,74PR34DC,NAT-A40-D-8,74,ROUTNOMM0000000067808716,ATMB
a40,167.811,6.43659324,46.07167986,,POIN_REP0000002330666167,2023/03/09 12:34:59.704+00,,,,DGITM 2022,,A40,33,33000,33,D,PR valide,PR,74PR33DC,NAT-A40-D-8,74,ROUTNOMM0000000067808716,ATMB
a40,168.808,6.44935576,46.07304182,,POIN_REP0000002330666189,2023/03/09 12:34:59.704+00,,,,DGITM 2022,,A40,32,32000,32,D,PR valide,PR,74PR32DC,NAT-A40-D-8,74,ROUTNOMM0000000067808716,ATMB
a40,169.839,6.46261436,46.07192832,,POIN_REP0000002330666114,2023/03/09 12:34:59.704+00,,,,DGITM 2022,,A40,31,31000,31,D,PR valide,PR,74PR31DC,NAT-A40-D-8,74,ROUTNOMM0000000067808716,ATMB
a40,170.800,6.47483777,46.07032309,,POIN_REP0000002330666102,2023/03/09 12:34:59.704+00,,,,DGITM 2022,,A40,30,30000,30,D,PR valide,PR,74PR30DC,NAT-A40-D-8,74,ROUTNOMM0000000067808716,ATMB
a40,171.796,6.48709473,46.0675428,,POIN_REP0000002330666123,2023/03/09 12:34:59.704+00,,,,DGITM 2022,,A40,29,29000,29,D,PR valide,PR,74PR29DC,NAT-A40-D-8,74,ROUTNOMM0000000067808716,ATMB
a40,172.792,6.49970372,46.06943203,,POIN_REP0000002330666174,2023/03/09 12:34:59.704+00,,,,DGITM 2022,,A40,28,28000,28,D,PR valide,PR,74PR28DC,NAT-A40-D-8,74,ROUTNOMM0000000067808716,ATMB
a40,173.787,6.51257561,46.06982807,,POIN_REP0000002330666099,2023/03/09 12:34:59.704+00,,,,DGITM 2022,,A40,27,27000,27,D,PR valide,PR,74PR27DC,NAT-A40-D-8,74,ROUTNOMM0000000067808716,ATMB
a40,174.766,6.52520691,46.07056726,,POIN_REP0000002330666209,2023/03/09 12:34:59.704+00,,,,DGITM 2022,,A40,26,26000,26,D,PR valide,PR,74PR26DC,NAT-A40-D-8,74,ROUTNOMM0000000067808716,ATMB
a40,175.777,6.53828521,46.07096118,,POIN_REP0000002330666091,2023/03/09 12:34:59.704+00,,,,DGITM 2022,,A40,25,25000,25,D,PR valide,PR,74PR25DC,NAT-A40-D-8,74,ROUTNOMM0000000067808716,ATMB
a40,176.769,6.55039887,46.06800807,,POIN_REP0000002330666183,2023/03/09 12:34:59.704+00,,,,DGITM 2022,,A40,24,24000,24,D,PR valide,PR,74PR24DC,NAT-A40-D-8,74,ROUTNOMM0000000067808716,ATMB
a40,177.769,6.56015578,46.06209804,,POIN_REP0000002330666044,2023/03/09 12:34:59.704+00,,,,DGITM 2022,,A40,23,23000,23,D,PR valide,PR,74PR23DC,NAT-A40-D-8,74,ROUTNOMM0000000067808716,ATMB
a40,178.765,6.57118055,46.05745872,,POIN_REP0000002330666133,2023/03/09 12:34:59.704+00,,,,DGITM 2022,,A40,22,22000,22,D,PR valide,PR,74PR22DC,NAT-A40-D-8,74,ROUTNOMM0000000067808716,ATMB
a40,179.731,6.58191202,46.05301503,,POIN_REP0000002330666075,2023/03/09 12:34:59.704+00,,,,DGITM 2022,,A40,21,21000,21,D,PR valide,PR,74PR21DC,NAT-A40-D-8,74,ROUTNOMM0000000067808716,ATMB
a40,180.695,6.59203175,46.04795235,,POIN_REP0000002330666226,2023/03/09 12:34:59.704+00,,,,DGITM 2022,,A40,20,20000,20,D,PR valide,PR,74PR20DC,NAT-A40-D-8,74,ROUTNOMM0000000067808716,ATMB
a40,181.693,6.60414191,46.04482479,,POIN_REP0000002330666034,2023/03/09 12:34:59.704+00,,,,DGITM 2022,,A40,19,19000,19,D,PR valide,PR,74PR19DC,NAT-A40-D-8,74,ROUTNOMM0000000067808716,ATMB
a40,182.681,6.60968286,46.03683119,,POIN_REP0000002330666178,2023/03/09 12:34:59.704+00,,,,DGITM 2022,,A40,18,18000,18,D,PR valide,PR,74PR18DC,NAT-A40-D-8,74,ROUTNOMM0000000067808716,ATMB
a40,183.665,6.61464003,46.02868282,,POIN_REP0000002330666096,2023/03/09 12:34:59.704+00,,,,DGITM 2022,,A40,17,17000,17,D,PR valide,PR,74PR17DC,NAT-A40-D-8,74,ROUTNOMM0000000067808716,ATMB
a40,184.669,6.61875764,46.02012742,,POIN_REP0000002330666063,2023/03/09 12:34:59.704+00,,,,DGITM 2022,,A40,16,16000,16,D,PR valide,PR,74PR16DC,NAT-A40-D-8,74,ROUTNOMM0000000067808716,ATMB
a40,185.694,6.62431128,46.01176747,,POIN_REP0000002330666149,2023/03/09 12:34:59.704+00,,,,DGITM 2022,,A40,15,15000,15,D,PR valide,PR,74PR15DC,NAT-A40-D-8,74,ROUTNOMM0000000067808716,ATMB
a40,186.672,6.62823658,46.003417,,POIN_REP0000002330666191,2023/03/09 12:34:59.704+00,,,,DGITM 2022,,A40,14,14000,14,D,PR valide,PR,74PR14DC,NAT-A40-D-8,74,ROUTNOMM0000000067808716,ATMB
a40,187.673,6.62989479,45.99449905,,POIN_REP0000002330666067,2023/03/09 12:34:59.704+00,,,,DGITM 2022,,A40,13,13000,13,D,PR valide,PR,74PR13DC,NAT-A40-D-8,74,ROUTNOMM0000000067808716,ATMB
a40,188.673,6.62922412,45.98553135,,POIN_REP0000002330666150,2023/03/09 12:34:59.704+00,,,,DGITM 2022,,A40,12,12000,12,D,PR valide,PR,74PR12DC,NAT-A40-D-8,74,ROUTNOMM0000000067808716,ATMB
a40,189.665,6.62904576,45.97661457,,POIN_REP0000002330666130,2023/03/09 12:34:59.704+00,,,,DGITM 2022,,A40,11,11000,11,D,PR valide,PR,74PR11DC,NAT-A40-D-8,74,ROUTNOMM0000000067808716,ATMB
a40,190.655,6.62744534,45.96779387,,POIN_REP0000002330666147,2023/03/09 12:34:59.704+00,,,,DGITM 2022,,A40,10,10000,10,D,PR valide,PR,74PR10DC,NAT-A40-D-8,74,ROUTNOMM0000000067808716,ATMB
a40,191.637,6.63301755,45.95987348,,POIN_REP0000002330666225,2023/03/09 12:34:59.704+00,,,,DGITM 2022,,A40,9,9000,9,D,PR valide,PR,74PR9DC,NAT-A40-D-8,74,ROUTNOMM0000000067808716,ATMB
a40,192.639,6.63686328,45.95127451,,POIN_REP0000002330666047,2023/03/09 12:34:59.704+00,,,,DGITM 2022,,A40,8,8000,8,D,PR valide,PR,74PR8DC,NAT-A40-D-8,74,ROUTNOMM0000000067808716,ATMB
a40,193.636,6.63976106,45.94254451,,POIN_REP0000002330666078,2023/03/09 12:34:59.704+00,,,,DGITM 2022,,A40,7,7000,7,D,PR valide,PR,74PR7DC,NAT-A40-D-8,74,ROUTNOMM0000000067808716,ATMB
a40,194.659,6.64518623,45.93416567,,POIN_REP0000002330666083,2023/03/09 12:34:59.704+00,,,,DGITM 2022,,A40,6,6000,6,D,PR valide,PR,74PR6DC,NAT-A40-D-8,74,ROUTNOMM0000000067808716,ATMB
a40,195.636,6.65183859,45.92670784,,POIN_REP0000002330666052,2023/03/09 12:34:59.704+00,,,,DGITM 2022,,A40,5,5000,5,D,PR valide,PR,74PR5DC,NAT-A40-D-8,74,ROUTNOMM0000000067808716,ATMB
a40,196.623,6.66299731,45.92242193,,POIN_REP0000002330666169,2023/03/09 12:34:59.704+00,,,,DGITM 2022,,A40,4,4000,4,D,PR valide,PR,74PR4DC,NAT-A40-D-8,74,ROUTNOMM0000000067808716,ATMB
a40,197.619,6.67409988,45.91791943,,POIN_REP0000002330666160,2023/03/09 12:34:59.704+00,,,,DGITM 2022,,A40,3,3000,3,D,PR valide,PR,74PR3DC,NAT-A40-D-8,74,ROUTNOMM0000000067808716,ATMB
a40,198.621,6.68604139,45.91443865,,POIN_REP0000002330666176,2023/03/09 12:34:59.704+00,,,,DGITM 2022,,A40,2,2000,2,D,PR valide,PR,74PR2DC,NAT-A40-D-8,74,ROUTNOMM0000000067808716,ATMB
a40,199.613,6.69754173,45.91052476,,POIN_REP0000002330666153,2023/03/09 12:34:59.704+00,,,,DGITM 2022,,A40,1,1000,1,D,PR valide,PR,74PR1DC,NAT-A40-D-8,74,ROUTNOMM0000000067808716,ATMB
a40,200.566,6.70980247,45.90981382,,POIN_REP0000002330666233,2023/03/09 12:34:59.704+00,,,,DGITM 2022,,A40,0,0,0,D,PR0 valide,PR0,74PR0DC,NAT-A40-D-8,74,ROUTNOMM0000000067808716,ATMB
d1212,0.000,6.63127745,45.93602931,,POIN_REP0000002488505464,2025/02/05 09:08:49.051+00,,,2024/07/23,CD74 2024,,D1212,0,141,0.14,G,PR valide,DS,0 - D1212G,74-D1212-G-4,74,ROUTNOMM0000000067808776,Haute-Savoie
d1212,0.840,6.63162989,45.92848461,,POIN_REP0000002008856716,2018/02/19 14:15:34.827+00,2025/02/05 09:09:19.913+00,,2024/07/23,CD74 2024,,D1212,1,1054,1.05,U,PR valide,PR,1 - D1212,74-D1212-U-2,74,ROUTNOMM0000000067808776,Haute-Savoie
d1212,1.635,6.63531465,45.92182079,,POIN_REP0000002008856725,2018/02/19 14:15:34.827+00,2025/02/05 09:09:19.913+00,,2024/07/23,CD74 2024,,D1212,2,1975,1.98,U,PR valide,PR,2 - D1212,74-D1212-U-2,74,ROUTNOMM0000000067808776,Haute-Savoie
d1212,2.536,6.63579362,45.91373743,,POIN_REP0000002008856718,2018/02/19 14:15:34.827+00,2025/02/05 09:09:19.913+00,,2024/07/23,CD74 2024,,D1212,3,2925,2.93,U,PR valide,PR,3 - D1212,74-D1212-U-2,74,ROUTNOMM0000000067808776,Haute-Savoie
d1212,3.231,6.64012234,45.90826244,,POIN_REP0000002008856728,2018/02/19 14:15:34.827+00,2025/02/05 09:09:19.913+00,,2024/07/23,CD74 2024,,D1212,4,3931,3.93,U,PR valide,PR,4 - D1212,74-D1212-U-2,74,ROUTNOMM0000000067808776,Haute-Savoie
d1212,4.078,6.64713785,45.90242655,,POIN_REP0000002008856731,2018/02/19 14:15:34.827+00,2025/02/05 09:09:19.913+00,,2024/07/23,CD74 2024,,D1212,5,4927,4.93,U,PR valide,PR,5 - D1212,74-D1212-U-2,74,ROUTNOMM0000000067808776,Haute-Savoie
d1212,4.650,6.64909368,45.89747032,,POIN_REP0000002008856727,2018/02/19 14:15:34.827+00,2025/02/05 09:09:19.913+00,,2024/07/23,CD74 2024,,D1212,6,5921,5.92,U,PR valide,PR,6 - D1212,74-D1212-U-2,74,ROUTNOMM0000000067808776,Haute-Savoie
d1212,5.277,6.64134295,45.89908602,,POIN_REP0000002008856715,2018/02/19 14:15:34.827+00,2025/02/05 09:09:19.913+00,,2024/07/23,CD74 2024,,D1212,7,6920,6.92,U,PR valide,PR,7 - D1212,74-D1212-U-6,74,ROUTNOMM0000000067808776,Haute-Savoie
d1212,6.236,6.64522651,45.89090815,,POIN_REP0000002008856721,2018/02/19 14:15:34.827+00,2025/02/05 09:09:19.913+00,,2024/07/23,CD74 2024,,D1212,8,7941,7.94,U,PR valide,PR,8 - D1212,74-D1212-U-6,74,ROUTNOMM0000000067808776,Haute-Savoie
d1212,7.101,6.64251046,45.88337126,,POIN_REP0000002008856730,2018/02/19 14:15:34.827+00,2025/02/05 09:09:19.913+00,,2024/07/23,CD74 2024,,D1212,9,8834,8.83,U,PR valide,PR,9 - D1212,74-D1212-U-6,74,ROUTNOMM0000000067808776,Haute-Savoie
d1212,8.183,6.63466835,45.875335,,POIN_REP0000002344934461,2024/04/09 09:48:30.247+00,2025/02/05 09:09:19.913+00,,2024/07/23,CD74 2024,,D1212,10,9958,9.96,U,PR valide,PR,10 - D1212,74-D1212-U-6,74,ROUTNOMM0000000067808776,Haute-Savoie
d1212,9.075,6.62824595,45.86867967,,POIN_REP0000002008856723,2018/02/19 14:15:34.827+00,2025/02/05 09:09:19.913+00,,2024/07/23,CD74 2024,,D1212,11,10897,10.9,U,PR valide,PR,11 - D1212,74-D1212-U-6,74,ROUTNOMM0000000067808776,Haute-Savoie
d1212,10.065,6.62255084,45.86071795,,POIN_REP0000002008856724,2018/02/19 14:15:34.827+00,2025/02/05 09:09:19.913+00,,2024/07/23,CD74 2024,,D1212,12,11891,11.89,U,PR valide,PR,12 - D1212,74-D1212-U-6,74,ROUTNOMM0000000067808776,Haute-Savoie
d1212,11.037,6.61085759,45.85758313,,POIN_REP0000002008856722,2018/02/19 14:15:34.827+00,2025/02/05 09:09:19.913+00,,2024/07/23,CD74 2024,,D1212,13,12919,12.92,U,PR valide,PR,13 - D1212,74-D1212-U-6,74,ROUTNOMM0000000067808776,Haute-Savoie
d1212,11.737,6.60479952,45.85291164,,POIN_REP0000002008856726,2018/02/19 14:15:34.827+00,2025/02/05 09:09:19.913+00,,2024/07/23,CD74 2024,,D1212,14,13770,13.77,U,PR valide,PR,14 - D1212,74-D1212-U-6,74,ROUTNOMM0000000067808776,Haute-Savoie
d1212,12.573,6.59648982,45.84813312,,POIN_REP0000002008856732,2018/02/19 14:15:34.827+00,2025/02/05 09:09:19.913+00,,2024/07/23,CD74 2024,,D1212,15,14755,14.76,U,PR valide,PR,15 - D1212,74-D1212-U-6,74,ROUTNOMM0000000067808776,Haute-Savoie
d1212,13.493,6.58773526,45.8425605,,POIN_REP0000002008856720,2018/02/19 14:15:34.827+00,2025/02/05 09:09:19.913+00,,2024/07/23,CD74 2024,,D1212,16,15727,15.73,U,PR valide,PR,16 - D1212,74-D1212-U-6,74,ROUTNOMM0000000067808776,Haute-Savoie
d1212,14.513,6.57562666,45.83897299,,POIN_REP0000002008856719,2018/02/19 14:15:34.827+00,2025/02/05 09:09:19.913+00,,2024/07/23,CD74 2024,,D1212,17,16755,16.76,U,PR valide,PR,17 - D1212,74-D1212-U-3,74,ROUTNOMM0000000067808776,Haute-Savoie
d1212,15.487,6.56453705,45.83486441,,POIN_REP0000002008856729,2018/02/19 14:15:34.827+00,2025/02/05 09:09:19.913+00,,2024/07/23,CD74 2024,,D1212,18,17738,17.74,U,PR valide,PR,18 - D1212,74-D1212-U-3,74,ROUTNOMM0000000067808776,Haute-Savoie
d1212,16.448,6.55305198,45.83163618,,POIN_REP0000002488505770,2025/02/05 09:08:49.051+00,,,2024/07/23,CD74 2024,,D1212,999,18737,18.74,U,PR valide,PRF,18 - D1212,74-D1212-U-3,74,ROUTNOMM0000000067808776,Haute-Savoie
